-- phpMyAdmin SQL Dump
-- version 2.11.9.4
-- http://www.phpmyadmin.net
--
-- Host: localhost
-- Generation Time: Nov 02, 2011 at 09:58 AM
-- Server version: 4.1.11
-- PHP Version: 5.2.6-1+lenny12

SET SQL_MODE="NO_AUTO_VALUE_ON_ZERO";


/*!40101 SET @OLD_CHARACTER_SET_CLIENT=@@CHARACTER_SET_CLIENT */;
/*!40101 SET @OLD_CHARACTER_SET_RESULTS=@@CHARACTER_SET_RESULTS */;
/*!40101 SET @OLD_COLLATION_CONNECTION=@@COLLATION_CONNECTION */;
/*!40101 SET NAMES utf8 */;

--
-- Database: `conventions`
--
CREATE DATABASE `conventions` DEFAULT CHARACTER SET latin1 COLLATE latin1_swedish_ci;
USE `conventions`;

-- --------------------------------------------------------

--
-- Table structure for table `convention_event`
--

CREATE TABLE IF NOT EXISTS `convention_event` (
  `id` int(11) NOT NULL auto_increment,
  `name` varchar(50) NOT NULL default '',
  `sex` varchar(15) NOT NULL default '',
  `category` varchar(50) NOT NULL default '',
  PRIMARY KEY  (`id`)
) ENGINE=MyISAM DEFAULT CHARSET=latin1 AUTO_INCREMENT=611 ;

--
-- Dumping data for table `convention_event`
--

INSERT INTO `convention_event` (`id`, `name`, `sex`, `category`) VALUES
(201, 'Bible Memory', '', 'Academics'),
(202, 'Checkers', '', 'Academics'),
(203, 'Chess', '', 'Academics'),
(204, 'Spelling', '', 'Academics'),
(205, 'Science Exhibit (Collection or Research)', '', 'Academics'),
(206, 'Social Studies Exhibit', '', 'Academics'),
(207, 'Short Story Writing', '', 'Academics'),
(208, 'Poetry Writing', '', 'Academics'),
(209, 'PACE Bowl', '', 'Academics'),
(210, 'Bible Bowl', '', 'Academics'),
(301, 'Sketching', '', 'Arts'),
(302, 'Colored Pencils', '', 'Arts'),
(303, 'Watercolor', '', 'Arts'),
(304, 'Chalk Drawing', '', 'Arts'),
(305, 'Floral Arrangement', 'Female', 'Arts'),
(306, 'Scrapbooking', 'Female', 'Arts'),
(307, 'Cake Decorating', 'Female', 'Arts'),
(309, 'Interlocking Building Block Design', '', 'Arts'),
(310, 'Clay Sculpture', '', 'Arts'),
(311, 'Woodworking', '', 'Arts'),
(315, 'Plants and Animals (BW)', '', 'Photography'),
(316, 'Character Trait (BW)', '', 'Photography'),
(317, 'Still Life (BW)', '', 'Photography'),
(318, 'Scenic (BW)', '', 'Photography'),
(320, 'Plants and Animals (Color)', '', 'Photography'),
(321, 'Character Trait (Color)', '', 'Photography'),
(322, 'Still Life (Color)', '', 'Photography'),
(323, 'Scenic (Color)', '', 'Photography'),
(330, 'Counted Cross Stitch', 'Female', 'Needle'),
(331, 'Embroidery', 'Female', 'Needle'),
(332, 'Knitting', 'Female', 'Needle'),
(333, 'Crocheting', 'Female', 'Needle'),
(334, 'Sewing/Quilting - Clothing', 'Female', 'Needle'),
(335, 'Sewing/Quilting - All other', 'Female', 'Needle'),
(401, 'Physical Fitness', 'Male', 'Athletics'),
(402, 'Table Tennis', 'Male', 'Athletics'),
(403, 'Basketball Foul Shooting', 'Male', 'Athletics'),
(404, 'Soccer Kick', 'Male', 'Athletics'),
(410, 'Softball Throw', 'Female', 'Athletics'),
(411, 'Basketball Foul Shooting', 'Female', 'Athletics'),
(412, 'Table Tennis', 'Female', 'Athletics'),
(413, 'Soccer Kick', 'Female', 'Athletics'),
(501, 'Male Solo (Vocal)', '', 'Music'),
(502, 'Female Solo (Vocal)', '', 'Music'),
(503, 'Duet (Vocal)', 'M/F or Mixed', 'Music'),
(504, 'Trio (Vocal)', 'M/F or Mixed', 'Music'),
(505, 'Quartet (Vocal)', 'M/F or Mixed', 'Music'),
(506, 'Small Ensemble (Vocal)', 'M/F or Mixed', 'Music'),
(510, 'Solo-Miscellaneous (Instr.)', '', 'Music'),
(511, 'Solo-Piano/Keyboard (Instr.)', '', 'Music'),
(512, 'Duet (Instr.)', 'M/F or Mixed', 'Music'),
(513, 'Trio (Instr.)', 'M/F or Mixed', 'Music'),
(514, 'Quartet (Instr.)', 'M/F or Mixed', 'Music'),
(515, 'Small Ensemble (Instr.)', 'M/F or Mixed', 'Music'),
(601, 'Dramatic Dialogue', 'M/F or Mixed', 'Platform'),
(602, 'Expressive Reading', 'Male', 'Platform'),
(603, 'Expressive Reading', 'Female', 'Platform'),
(604, 'Poetry Recitation', 'Male', 'Platform'),
(605, 'Poetry Recitation', 'Female', 'Platform'),
(606, 'Illustrated Storytelling', 'Male', 'Platform'),
(607, 'Illustrated Storytelling', 'Female', 'Platform'),
(608, 'Preaching', 'Male', 'Platform'),
(609, 'One-Act Play', 'M/F or Mixed', 'Platform'),
(610, 'Puppets', 'M/F or Mixed', 'Platform');

-- --------------------------------------------------------

--
-- Table structure for table `convention_jforms`
--

CREATE TABLE IF NOT EXISTS `convention_jforms` (
  `eventid` int(4) NOT NULL default '0',
  `seqnum` tinyint(4) NOT NULL default '0',
  `text` varchar(200) NOT NULL default '',
  `points` tinyint(4) NOT NULL default '0'
) ENGINE=MyISAM DEFAULT CHARSET=latin1;

--
-- Dumping data for table `convention_jforms`
--

INSERT INTO `convention_jforms` (`eventid`, `seqnum`, `text`, `points`) VALUES
(205, 1, 'Concept', 0),
(205, 2, 'Definite Purpose or theme', 5),
(205, 3, 'Creativity and originality', 15),
(205, 4, 'Meets A.C.E. Standards', 5),
(205, 5, 'Scientific Thought', 0),
(205, 6, 'Accuracy of display', 15),
(205, 7, 'Total thought and effort', 10),
(205, 8, 'Degree of difficulty', 10),
(205, 9, 'Workmanship', 0),
(205, 10, 'Neatness', 5),
(205, 11, 'Handling of materials', 5),
(205, 12, 'Handling of tools required', 5),
(205, 13, 'Design of layout', 5),
(205, 14, 'Thoroughness', 0),
(205, 15, 'Presentation', 5),
(205, 16, 'Information', 5),
(205, 17, 'Display clarity', 5),
(206, 1, 'Concept', 0),
(206, 2, 'Define Purpose', 5),
(206, 3, 'Creativity and originality', 15),
(206, 4, 'Meets A.C.E. Standards', 5),
(206, 5, 'Thought', 0),
(206, 6, 'Accuracy of display', 15),
(206, 7, 'Thesis developed/question answered', 10),
(206, 8, 'Degree of difficulty', 10),
(206, 9, 'Workmanship', 0),
(206, 10, 'Neatness', 5),
(206, 11, 'Handling of materials', 5),
(206, 12, 'Handling of tools required', 5),
(206, 13, 'Design of layout', 5),
(206, 14, 'Thoroughness', 0),
(206, 15, 'Presentation', 5),
(206, 16, 'Information', 5),
(206, 17, 'Display clarity', 5),
(207, 1, 'The story', 0),
(207, 2, 'Characters consistent, plausible, and motivated', 15),
(207, 3, 'Details of setting (place/time) woven into the action of the story', 10),
(207, 4, 'Well-planned plot, with incidents that build to a main conflict', 15),
(207, 5, 'All incidents build to a climax that resolve the conflict', 10),
(207, 6, 'Theme-story demonstrates an evangelistic, inspirational, Biblical,', 1),
(207, 7, 'Christian growth, patriotic, or historical theme', 10),
(207, 8, 'Story indicates creativity on the part of the author', 15),
(207, 9, 'Mechanics', 0),
(207, 10, 'Neatness and general appearance', 5),
(207, 11, 'Spelling', 5),
(207, 12, 'Punctuation', 5),
(207, 13, 'Grammar is correct, tenses are consistent, subjects and verbs', 1),
(207, 14, 'agree, and pronoun and antecedents agree, etc', 5),
(208, 1, 'Theme', 0),
(208, 2, 'Unity and coherence', 10),
(208, 3, 'Clarity of theme', 10),
(208, 4, 'Use of poetic material', 0),
(208, 5, 'Sentiment and emotion-sincerity', 10),
(208, 6, 'Vocabulary-exact, colorful, concrete', 10),
(208, 7, 'Meter-established and effective', 10),
(208, 8, 'Sounds-rhyme, assonance, consonance, alliteration, etc.', 10),
(208, 9, 'Poetic devices-figures of speech, symbolism, and patterns', 10),
(208, 10, 'Creativity-originality and freshness', 5),
(208, 11, 'Mechanics', 0),
(208, 12, 'Format and general appearance', 5),
(208, 13, 'Usage, punctuation, spelling', 15),
(301, 1, 'Composition', 0),
(301, 2, 'Distinct clarity in light and dark masses', 10),
(301, 3, 'Color tones are balanced in hot and cool values', 5),
(301, 4, 'Harmonious balance maintained throughout', 5),
(301, 5, 'Rhythm', 0),
(301, 6, 'All lines and masses flow with meaningful continuity', 5),
(301, 7, 'Technique convincingly conveys mood', 5),
(301, 8, 'Composition leads into one focal point', 5),
(301, 9, 'Logic', 0),
(301, 10, 'Direction of light is clearly defined', 10),
(301, 11, 'Perspective is convincing', 10),
(301, 12, 'Handling of media', 0),
(301, 13, 'Construction of subject is confidently expressed', 5),
(301, 14, 'Contrast and highlights are effectively used', 5),
(301, 15, 'Multiple textural effects are used', 5),
(301, 16, 'General merits of entire presentation', 0),
(301, 17, 'Degree of difficulty', 10),
(301, 18, 'Artist delivers proof of his understanding subject', 5),
(301, 19, 'Frame is in harmony with composition to enhance project', 5),
(301, 20, 'Artwork has a wire hanger', 5),
(302, 1, 'Composition', 0),
(302, 2, 'Distinct clarity in light and dark masses', 10),
(302, 3, 'Color tones are balanced in hot and cool values', 5),
(302, 4, 'Harmonious balance maintained throughout', 5),
(302, 5, 'Rhythm', 0),
(302, 6, 'All lines and masses flow with meaningful continuity', 5),
(302, 7, 'Technique convincingly conveys mood', 5),
(302, 8, 'Composition leads into one focal point', 5),
(302, 9, 'Logic', 0),
(302, 10, 'Direction of light is clearly defined', 10),
(302, 11, 'Perspective is convincing', 10),
(302, 12, 'Handling of media', 0),
(302, 13, 'Construction of subject is confidently expressed', 5),
(302, 14, 'Contrast and highlights are effectively used', 5),
(302, 15, 'Multiple textural effects are used', 5),
(302, 16, 'General merits of entire presentation', 0),
(302, 17, 'Degree of difficulty', 10),
(302, 18, 'Artist delivers proof of his understanding subject', 5),
(302, 19, 'Frame is in harmony with composition to enhance project', 5),
(302, 20, 'Artwork has a hanger', 5),
(303, 1, 'Composition', 0),
(303, 2, 'Distinct clarity in light and dark masses', 10),
(303, 3, 'Color tones are balanced in hot and cool values', 5),
(303, 4, 'Harmonious balance maintained throughout', 5),
(303, 5, 'Rhythm', 0),
(303, 6, 'All lines and masses flow with meaningful continuity', 5),
(303, 7, 'Technique convincingly conveys mood', 5),
(303, 8, 'Composition leads into one focal point', 5),
(303, 9, 'Logic', 0),
(303, 10, 'Direction of light is clearly defined', 10),
(303, 11, 'Perspective is convincing', 10),
(303, 12, 'Handling of media', 0),
(303, 13, 'Construction of subject is confidently expressed', 5),
(303, 14, 'Contrast and highlights are effectively used', 5),
(303, 15, 'Multiple textural effects are used', 5),
(303, 16, 'General merits of entire presentation', 0),
(303, 17, 'Degree of difficulty', 10),
(303, 18, 'Artist delivers proof of his understanding subject', 5),
(303, 19, 'Frame is in harmony with composition to enhance project', 5),
(303, 20, 'Artwork has a hanger', 5),
(304, 1, 'Composition', 0),
(304, 2, 'Distinct clarity in light and dark masses', 10),
(304, 3, 'Color tones are balanced in hot and cool values', 5),
(304, 4, 'Harmonious balance maintained throughout', 5),
(304, 5, 'Rhythm', 0),
(304, 6, 'All lines and masses flow with meaningful continuity', 5),
(304, 7, 'Technique convincingly conveys mood', 5),
(304, 8, 'Composition leads into one focal point', 5),
(304, 9, 'Logic', 0),
(304, 10, 'Direction of light is clearly defined', 10),
(304, 11, 'Perspective is convincing', 10),
(304, 12, 'Handling of media', 0),
(304, 13, 'Construction of subject is confidently expressed', 5),
(304, 14, 'Contrast and highlights are effectively used', 5),
(304, 15, 'Multiple textural effects are used', 5),
(304, 16, 'General merits of entire presentation', 0),
(304, 17, 'Degree of difficulty', 10),
(304, 18, 'Artist delivers proof of his understanding subject', 5),
(304, 19, 'Frame is in harmony with composition to enhance project', 5),
(304, 20, 'Artwork has a hanger', 5),
(305, 1, 'Choice', 0),
(305, 2, 'Selection and unity of Style', 10),
(305, 3, 'Selection and unity of Color', 10),
(305, 4, 'Workmanship', 0),
(305, 5, 'Focal point expressed', 10),
(305, 6, 'Scale in proper proportion', 10),
(305, 7, 'Unity portrayed', 10),
(305, 8, 'Techniques', 0),
(305, 9, 'Form and Line confidently expressed', 10),
(305, 10, 'Textural and color effects', 10),
(305, 11, 'Individual elements spaced neatly', 15),
(305, 12, 'Properly finished', 10),
(306, 1, 'Appropriate theme', 5),
(306, 2, 'Good choice of clear photos with sharp images', 10),
(306, 3, 'Meets Convention Guidelines', 5),
(306, 4, 'Focal point with photos cut into pleasing sizes and shapes', 5),
(306, 5, 'Mats and frames proportioned to layout size and design', 5),
(306, 6, 'Composition and well-designed layout consistent to theme', 20),
(306, 7, 'Journaling with title appropriate for composition', 10),
(306, 8, 'Color in the layout to complement photos and color scheme', 10),
(306, 9, 'Embellishments arranged well and complementing the photos', 10),
(306, 10, 'Creativity evidencing effort and use of techniques and craftsmanship', 15),
(307, 1, 'Design', 0),
(307, 2, 'Definite Purpose or theme', 5),
(307, 3, 'Size in conjunction with purpose', 5),
(307, 4, 'Area of space used has balance and harmony', 10),
(307, 5, 'Evidence of thoughtful planning', 15),
(307, 6, 'Color blend', 10),
(307, 7, 'Displayed with artistic design', 5),
(307, 8, 'Technique', 0),
(307, 9, 'Proper use of tools/tips, etc.', 10),
(307, 10, 'Workmanship confidently expressed', 10),
(307, 11, 'Textural effects/bleds', 10),
(307, 12, 'Knowledge of stabilizing element', 5),
(307, 13, 'Degree of difficulty', 10),
(309, 1, 'Concept', 0),
(309, 2, 'Definite Purpose or theme', 10),
(309, 3, 'Size in conjunction with purpose', 10),
(309, 4, 'Design', 0),
(309, 5, 'Area of space used has balance and harmony', 10),
(309, 6, 'Evidence of thoughtful planning', 10),
(309, 7, 'Color blend', 10),
(309, 8, 'Displayed with artistic design', 5),
(309, 9, 'Technique', 0),
(309, 10, 'Construction and craftsmanship confidently expressed', 10),
(309, 11, 'Degree of difficulty', 10),
(309, 12, 'Appropriate Structure platform and stability', 10),
(309, 13, 'Workmanship confidently expressed', 10),
(310, 1, 'Concept', 0),
(310, 2, 'Definite purpose or theme', 5),
(310, 3, 'Presented in original fashion', 10),
(310, 4, 'Composition is not split into two independent sections', 5),
(310, 5, 'Design', 0),
(310, 6, 'Size and weight in conjunction with purpose', 5),
(310, 7, 'Area of space used has balance and harmony', 5),
(310, 8, 'Edges of actual shape express thoughtful planning', 10),
(310, 9, 'All parts in harmony with medium', 10),
(310, 10, 'Technique', 0),
(310, 11, 'Construction and craftsmanship confidently expressed', 10),
(310, 12, 'Textural effects', 10),
(310, 13, 'Proper finish or glaze, either applied or natural', 10),
(310, 14, 'Knowledge of and/or use of tools required', 5),
(310, 15, 'Degree of difficulty', 10),
(311, 1, 'Concept', 0),
(311, 2, 'Choice of subject', 5),
(311, 3, 'Project has a useful purpose', 10),
(311, 4, 'Design', 0),
(311, 5, 'Fitness for purpose', 5),
(311, 6, 'Craftsmanship/overall construction', 10),
(311, 7, 'Attention to detail', 10),
(311, 8, 'Proportion', 10),
(311, 9, 'Technique', 0),
(311, 10, 'Accurate use of tools', 10),
(311, 11, 'Preparation for finish', 10),
(311, 12, 'Application of appropriate finish', 10),
(311, 13, 'Degree of difficulty', 10),
(311, 14, 'Textural effects', 5),
(315, 1, 'Meets A.C.E. Standards', 5),
(315, 2, 'Composition-pleasing arrangement of visual elements', 0),
(315, 3, 'FIRST GLANCE: pleasing presentation-human interest or photo', 1),
(315, 4, 'desirable to be displayed, a story conveyed', 10),
(315, 5, 'Distracting elements eliminated', 5),
(315, 6, 'The photo has a main subject of interest', 5),
(315, 7, 'Rule of thirds, framing, contrast, etc.', 5),
(315, 8, 'Purpose, visual impact, theme visualized', 10),
(315, 9, 'Evidence of creative effort to achieve the image', 10),
(315, 10, 'Technical expertise', 0),
(315, 11, 'Subject is in sharp focus, depth of field used creatively (camera''s', 1),
(315, 12, 'automatic features used with understanding), no visible defects', 5),
(315, 13, 'Good composition, flow and balance subject matter', 5),
(315, 14, 'Print demonstrates full tonal quality, dynamic range, and good', 1),
(315, 15, 'contrast ratio.', 5),
(315, 16, 'Creative Effects used: diffusion, lighting, special lenses', 5),
(315, 17, 'Film Developing (Darkroom) demonstrates good understanding', 1),
(315, 18, 'of darkroom techniques.', 1),
(315, 19, 'OR', 1),
(315, 19, 'Developing (Digital Darkroom) Import image file into computer', 15),
(315, 21, 'Mount will be judged on the following:', 0),
(315, 22, 'Mounting board and print reflect a permanent display', 5),
(315, 23, 'Color and texture match the subject', 5),
(330, 1, 'Pattern submitted', 5),
(330, 2, 'Creativity - Pattern changes, color changes, originality', 20),
(330, 3, 'Overall beauty', 15),
(330, 4, 'Technique - Difficulty of pattern, fabric count', 15),
(330, 5, 'Uniformity of stitches', 20),
(330, 6, 'Finishing - Thread ends secured, preferably no knots', 10),
(330, 7, 'Blocking', 10),
(331, 1, 'Pattern submitted', 5),
(331, 2, 'Creativity - Pattern changes, color changes, originality', 20),
(331, 3, 'Overall beauty', 15),
(331, 4, 'Technique - Difficulty of pattern, fabric count', 15),
(331, 5, 'Uniformity of stitches', 20),
(331, 6, 'Finishing - Thread ends secured, preferably no knots', 10),
(331, 7, 'Blocking', 10),
(332, 1, 'Pattern submitted', 5),
(332, 2, 'Creativity - Pattern changes, color changes, originality', 20),
(332, 3, 'Overall beauty', 10),
(332, 4, 'Technique - Difficulty of stitches, variety of stitches', 15),
(332, 5, 'Uniformity of stitches', 15),
(332, 6, 'Gauge', 10),
(332, 7, 'Finishing - Thread ends secured, preferably no knots', 10),
(332, 8, 'Blocking', 10),
(333, 1, 'Pattern submitted', 5),
(333, 2, 'Creativity - Pattern changes, color changes, originality', 20),
(333, 3, 'Overall beauty', 10),
(333, 4, 'Technique - Difficulty of stitches, variety of stitches', 15),
(333, 5, 'Uniformity of stitches', 15),
(333, 6, 'Gauge', 10),
(333, 7, 'Finishing - Thread ends secured, preferably no knots', 10),
(333, 8, 'Blocking', 10),
(334, 1, 'Meets A.C.E. Guidelines - Length, cut, modesty', 10),
(334, 2, 'Pattern and photograph submitted', 5),
(334, 3, 'Creativity - Pattern changes, color changes, originality', 10),
(334, 4, 'Overall beauty - Coordination of colors and accessories (such as', 1),
(334, 5, 'buttons, bows, etc.) matching of plaids, etc.', 10),
(334, 6, 'Stitching - Uniformity, size, hand-or-machine-stitching', 1),
(334, 7, 'goes through all layers of material.', 15),
(334, 8, 'Seam finish', 10),
(334, 9, 'Zipper, buttonholes, or fastenings', 10),
(334, 10, 'Sleeve set and detail', 10),
(334, 11, 'Collar/neckline detail', 5),
(334, 11, 'Hem detail', 10),
(335, 1, 'Pattern submitted', 5),
(335, 2, 'Creativity - Pattern changes, color changes, originality', 10),
(335, 3, 'Overall beauty', 15),
(335, 4, 'Quilt top', 10),
(335, 5, 'Quilting stitches - Uniformity, size, hand- or machine-stitching', 1),
(335, 6, 'goes through all layers of quilt', 15),
(335, 7, 'Size has balance and harmony', 10),
(335, 8, 'Evidence of thoughtful planning', 10),
(335, 9, 'Color blend', 10),
(335, 10, 'Finishing for presentation', 10),
(501, 1, 'Appearance and stage deportment', 0),
(501, 2, 'Approach - confident, yet with grace and humility', 3),
(501, 3, 'Posture - upright look not slumped', 3),
(501, 4, 'Eye contact - scanned the audience, not stared', 3),
(501, 5, 'Poise - in full control', 3),
(501, 6, 'Clothing - color coordinated, neat, sharp, beautiful', 3),
(501, 7, 'Departure - confident', 3),
(501, 8, 'Interpretation', 0),
(501, 9, 'Mood - prayerful, enthusiastic, peaceful', 3),
(501, 10, 'Intensity - not too weak or too strong, enough power, etc.', 3),
(501, 11, 'Style - presentation matched the printed intention', 3),
(501, 12, 'Tempo - flowing, not too fast or too slow', 3),
(501, 13, 'Phrasing - the feeling of motion or rest', 4),
(501, 14, 'Climax - handled well', 4),
(501, 15, 'Dynamics - volumes change correctly', 4),
(501, 16, 'Word emphasis - each word received right emphasis', 3),
(501, 17, 'Musicianship', 0),
(501, 18, 'Memory', 5),
(501, 19, 'Projection - each part of the music could be heard', 5),
(501, 20, 'Proper diction - correctly pronounced, articulated, enunciated', 5),
(501, 21, 'Tone quality - full rich sound', 5),
(501, 22, 'Correct rhythm - performed like the printed page', 5),
(501, 23, 'Proper breathing - breathed at the right places, the right way', 5),
(501, 24, 'Intonation - correct pitch for solos or blends for groups', 5),
(501, 25, 'Balance of voices and/or accompaniment – accompaniment', 1),
(501, 26, 'added to the beauty, not overrode', 5),
(501, 27, 'Appropriateness of selection', 0),
(501, 28, 'Message/ministry - it ministers to the listener', 5),
(501, 29, 'Degree of difficulty', 5),
(510, 1, 'Tone', 0),
(510, 2, 'Beauty/clarity', 4),
(510, 3, 'Color', 4),
(510, 3, 'Strength, control, and embouchure', 4),
(510, 4, 'Intonation', 4),
(510, 5, 'Technique and musicianship', 0),
(510, 6, 'Meter', 4),
(510, 7, 'Melody', 4),
(510, 8, 'Fingering and hand positions', 4),
(510, 9, 'Accents', 4),
(510, 10, 'Precision', 4),
(510, 11, 'Slurs', 4),
(510, 12, 'Bowing (strings), tonguing (wind instruments)', 4),
(510, 13, 'Attacks', 4),
(510, 14, 'Cutoffs', 4),
(510, 15, 'Accuracy', 4),
(510, 16, 'Memory', 5),
(510, 17, 'Interpretation', 0),
(510, 18, 'Tempo', 4),
(510, 19, 'Style', 4),
(510, 20, 'Phrasing', 4),
(510, 21, 'Dynamics', 4),
(510, 22, 'Presentation', 0),
(510, 23, 'Deportment', 3),
(510, 24, 'Posture', 3),
(510, 25, 'Balance and integration of accompaniment', 4),
(510, 26, 'Selection', 0),
(510, 27, 'Message/ministry - Does it minister to the', 1),
(510, 28, 'listener as performed?', 4),
(510, 29, 'Degree of difficulty', 4),
(511, 1, 'Appearance and stage deportment', 5),
(511, 2, 'Difficulty', 10),
(511, 3, 'Memory', 15),
(511, 4, 'Musical features', 0),
(511, 5, 'Melody - clearly heard', 5),
(511, 6, 'Phrasing', 10),
(511, 7, 'Rhythm', 10),
(511, 8, 'Pedaling', 10),
(511, 9, 'Tempo', 10),
(511, 10, 'Dynamics and performance indications', 10),
(511, 11, 'Smoothness of execution', 5),
(511, 12, 'Conveys the spirit of the music', 5),
(515, 1, 'Tone', 0),
(515, 2, 'Beauty/clarity', 4),
(515, 3, 'Color', 4),
(515, 4, 'Strength, control, and embouchure', 4),
(515, 5, 'Intonation', 4),
(515, 6, 'Technique and musicianship', 0),
(515, 7, 'Meter', 4),
(515, 8, 'Melody', 4),
(516, 9, 'Fingering and hand positions', 4),
(517, 10, 'Accents', 4),
(515, 11, 'Precision', 4),
(515, 12, 'Slurs', 4),
(515, 13, 'Bowing (strings), tonguing (wind instruments)', 4),
(515, 14, 'Attacks', 4),
(515, 15, 'Cutoffs', 4),
(515, 16, 'Accuracy', 4),
(515, 17, 'Interpretation', 0),
(515, 18, 'Tempo', 4),
(515, 19, 'Style', 4),
(515, 20, 'Phrasing', 4),
(515, 21, 'Dynamics', 4),
(515, 22, 'Presentation', 0),
(515, 23, 'Deportment', 3),
(515, 24, 'Posture', 3),
(515, 25, 'Balance and integration of accompaniment', 3),
(515, 26, 'Selection', 0),
(515, 27, 'Message/ministry - Does it minister to the', 1),
(515, 28, 'listener as performed?', 4),
(515, 29, 'Degree of difficulty', 10),
(601, 1, 'Mechanics', 0),
(601, 2, 'Approach/departure', 5),
(601, 3, 'Voice projection and inflection', 5),
(601, 4, 'Diction/enunciation', 5),
(601, 5, 'Poise/self-confidence', 5),
(601, 6, 'Memory', 5),
(601, 7, 'Characterization', 0),
(601, 8, 'Posture, movement, gestures', 10),
(601, 9, 'Facial expressions', 5),
(601, 10, 'Costume/effective use of props', 10),
(601, 11, 'Variety of dramatic skills displayed', 10),
(601, 12, 'Effective interaction of characters, quality of characterization', 15),
(601, 13, 'Script', 0),
(601, 14, 'Message came across effectively', 10),
(601, 15, 'Worthwhile message', 10),
(602, 1, 'Mechanics', 0),
(602, 2, 'Approach/departure', 5),
(602, 3, 'Voice projection and inflection', 5),
(602, 4, 'Diction/enunciation', 5),
(602, 5, 'Poise/self-confidence', 5),
(602, 6, 'Memory', 5),
(602, 7, 'Characterization', 0),
(602, 8, 'Posture, movement, gestures', 10),
(602, 9, 'Facial expressions', 5),
(602, 10, 'Appearance', 5),
(602, 11, 'Variety of dramatic skills displayed', 10),
(602, 12, 'Interpretation of author''s ideas', 15),
(602, 13, 'Audience rapport', 5),
(602, 14, 'Script', 0),
(602, 15, 'Degree of difficulty', 10),
(602, 16, 'Worthwhile message', 10),
(606, 1, 'Mechanics', 0),
(606, 2, 'Approach/departure', 5),
(606, 3, 'Voice projection / inflection', 5),
(606, 4, 'Diction/enunciation', 5),
(606, 5, 'Poise/self-confidence', 5),
(606, 6, 'Memory', 5),
(606, 7, 'Characterization', 0),
(606, 8, 'Posture, movement, gestures', 5),
(606, 9, 'Facial expressions', 5),
(606, 10, 'Use of dramatic accessories (music, costume, easel, etc.)', 15),
(606, 11, 'Effectiveness of overall narrative', 10),
(606, 12, 'Audience rapport', 10),
(606, 13, 'Script', 0),
(606, 14, 'Worthwhile message', 10),
(606, 15, 'Flow of story (beginning, plot, climax, conclusion)', 15),
(608, 1, 'Mechanics', 0),
(608, 2, 'Approach/departure', 5),
(608, 3, 'Appearance', 5),
(608, 4, 'Poise/self-confidence', 5),
(608, 5, 'Voice projection / inflection', 5),
(608, 6, 'Diction/enunciation', 5),
(608, 7, 'Outline', 0),
(608, 8, 'Introduction/closing', 5),
(608, 9, 'Major points', 5),
(608, 10, 'Illustrations/anecdotes', 5),
(608, 11, 'Delivery', 0),
(608, 12, 'Sincerity and warmth', 5),
(608, 13, 'Persuasiveness', 5),
(608, 14, 'Overall presentation (facial expression,', 1),
(608, 15, 'gestures, eyec contact, etc.)', 10),
(608, 16, 'Message content', 0),
(608, 17, 'Content based on Biblical doctrine', 15),
(608, 18, 'Scripture used to support text', 10),
(608, 19, 'Application of life', 10),
(609, 1, 'Stagecraft', 0),
(609, 2, 'Costuming and makeup', 10),
(609, 3, 'Scenery and props', 10),
(609, 5, 'Sound effects', 5),
(609, 6, 'Cast performance', 0),
(609, 7, 'Lines (memorized and delivered)', 10),
(609, 8, 'Voice quality (inflection and projection)', 10),
(609, 9, 'Movement (body language, facial expression)', 5),
(609, 10, 'Blocking (direction of actors on stage)', 10),
(609, 11, 'Production quality', 0),
(609, 12, 'Selection of material (worthwhile message)', 10),
(609, 13, 'Characterization (believable characters)', 10),
(609, 14, 'Dramatic impact (message comes across effectively)', 15),
(610, 1, 'Spoken material', 0),
(610, 2, 'Shows preparation and planning, not wholly extemporaneous,', 1),
(610, 3, 'and not just a collection of jokes', 10),
(610, 4, 'Suitable to occasion, has a basic theme and unity, builds to', 1),
(610, 5, 'a message of Christian or patriotic worth', 15),
(610, 6, 'Staging', 0),
(610, 7, 'Suitable, personable, well-made characters, props, costumes', 10),
(610, 8, 'Effective stage, background, props, etc.', 10),
(610, 9, 'Effective presentation', 0),
(610, 10, 'Memory', 10),
(610, 11, 'Use of variety: singing, laughing, sighing,', 1),
(610, 12, 'taped background music, etc.', 5),
(610, 13, 'Develops character', 5),
(610, 14, 'Variation of voice between characters', 10),
(610, 15, 'Arouses audience response', 5),
(610, 16, 'Timing: natural movements, posture, lip movement, and', 1),
(610, 17, 'entrance and exits', 15);

-- --------------------------------------------------------

--
-- Table structure for table `convention_payments`
--

CREATE TABLE IF NOT EXISTS `convention_payments` (
  `schoolid` int(4) NOT NULL default '0',
  `amount` decimal(10,0) NOT NULL default '0',
  `type` varchar(10) NOT NULL default ''
) ENGINE=MyISAM DEFAULT CHARSET=latin1;

--
-- Dumping data for table `convention_payments`
--

INSERT INTO `convention_payments` (`schoolid`, `amount`, `type`) VALUES
(13, 141, 'Discount'),
(3, 300, 'Check'),
(8, 84, 'Discount'),
(7, 360, 'Check'),
(13, 60, 'Check'),
(10, 15, 'Discount'),
(10, 60, 'Discount'),
(10, 15, 'Discount'),
(15, 303, 'Check'),
(6, 864, 'Check'),
(3, 30, 'Check'),
(3, 90, 'Discount'),
(10, 45, 'Discount'),
(10, 585, 'Check'),
(2, 582, 'Check'),
(14, 1011, 'Check'),
(9, 543, 'Check'),
(11, 180, 'Check'),
(1, 100, 'Discount'),
(1, 421, 'Check'),
(8, 360, 'Check');

-- --------------------------------------------------------

--
-- Table structure for table `convention_schools`
--

CREATE TABLE IF NOT EXISTS `convention_schools` (
  `id` int(11) NOT NULL auto_increment,
  `name` varchar(50) NOT NULL default '',
  `address` varchar(50) NOT NULL default '',
  `city` varchar(20) NOT NULL default '',
  `state` char(3) NOT NULL default '',
  `zip` varchar(7) NOT NULL default '',
  `phone` varchar(20) NOT NULL default '',
  `contact` varchar(30) NOT NULL default '',
  `email` varchar(50) NOT NULL default '',
  PRIMARY KEY  (`id`)
) ENGINE=MyISAM DEFAULT CHARSET=latin1 AUTO_INCREMENT=16 ;

--
-- Dumping data for table `convention_schools`
--

INSERT INTO `convention_schools` (`id`, `name`, `address`, `city`, `state`, `zip`, `phone`, `contact`, `email`) VALUES
(1, 'Nazarene Christian School', 'P.O. Box 577', 'Philomath', 'OR', '97370', '541-929-4182', 'Sabrina Johnson', 'healingsouls.wwjd@gmail.com'),
(2, 'Brownsville Mennonite School', '34795 Hwy 228', 'Brownsville', 'OR', '97327', '541-936-2611', 'Mrs. Trish McCormick', 'rtmccormick@unwiredwest.net'),
(3, 'Esperance (EICLC)', '7812 224th St. SW', 'Edmonds', 'WA', '98026', '425-923-9784', 'Mrs. Jane Cruz', ''),
(5, 'Sonrise Academy', '333 E 12th', 'The Dalles', 'OR', '97058', '541-298-8922', 'Darlien France', ''),
(6, 'Covenant Chapel', '910 Knapp', 'Yreka', 'CA', '96097', '530-842-1852', 'Pastor Joshua Hill', ''),
(7, 'Mill Creek Christian', 'PO Box 116', 'Sheridan', 'OR', '97378', '503-843-3224', 'Anita Gingrich', ''),
(8, 'First Baptist Church School', 'PO Box 928', 'Canby', 'OR', '97013', '503-266-7818', 'Lee Wiegand', ''),
(9, 'Gethsemane Christian Academy', 'PO Box 142', 'Woodburn', 'OR', '97071', '503-981-5207', 'Joshua Nana', ''),
(10, 'Epic Life Academy', '10002 Aurora Ave N - #36', 'Seattle', 'WA', '98133', '', 'Mr Cluck', ''),
(11, 'Lanning Homeschool', '620 W Carmen Rd S.', 'Shelton', 'WA', '98584', '', 'Troy Lanning', 'finelineconstructionllc@gmail.com'),
(13, 'Boggs Homeschool', '14 N St. NE', 'Auburn', 'WA', '98002', '2538335049', 'Mandy Boggs', 'mandymichelle@hotmail.com'),
(14, 'Covenant Christian School', '', '', '', '', '', 'Danielle Coombs', 'dani_coombs@yahoo.com'),
(15, 'Riverton Heights Christian Academy', '', '', 'WA', '', '', 'Mr. Jim Onggao', 'lemonggao@gmail.com');

-- --------------------------------------------------------

--
-- Table structure for table `convention_scores`
--

CREATE TABLE IF NOT EXISTS `convention_scores` (
  `id` int(4) NOT NULL auto_increment,
  `studentid` int(11) NOT NULL default '0',
  `eventid` int(11) NOT NULL default '0',
  `place` int(11) NOT NULL default '0',
  `time` varchar(11) default '0',
  `team` char(2) NOT NULL default '',
  `command` int(11) NOT NULL default '0',
  `caps` tinyint(1) NOT NULL default '0',
  PRIMARY KEY  (`id`)
) ENGINE=MyISAM DEFAULT CHARSET=latin1 AUTO_INCREMENT=514 ;

--
-- Dumping data for table `convention_scores`
--

INSERT INTO `convention_scores` (`id`, `studentid`, `eventid`, `place`, `time`, `team`, `command`, `caps`) VALUES
(1, 1, 203, 0, 'Fri.12:30', '', 0, 0),
(2, 1, 610, 2, 'Fri.3:00', '', 0, 0),
(11, 1, 209, 3, 'Fri.2:30', '', 0, 0),
(15, 1, 302, 0, '', '', 0, 0),
(5, 2, 310, 2, '', '', 0, 0),
(6, 2, 309, 0, '', '', 0, 0),
(7, 2, 209, 3, 'Fri.2:30', '', 0, 0),
(8, 2, 610, 2, 'Fri.3:00', '', 0, 0),
(20, 2, 210, 4, 'Sat.10:20', '', 0, 0),
(10, 3, 401, 2, 'Sat.11:00', '', 0, 0),
(12, 1, 202, 0, 'Fri.11:00', '', 0, 0),
(14, 1, 205, 2, '', '', 0, 0),
(16, 1, 309, 0, '', '', 0, 0),
(367, 2, 206, 1, '', '', 0, 0),
(18, 3, 310, 4, '', '', 0, 0),
(19, 2, 311, 6, '', '', 0, 0),
(497, 2, 323, 6, '', '', 0, 0),
(22, 1, 210, 4, 'Sat.10:20', '', 0, 0),
(23, 3, 202, 0, 'Fri.11:00', '', 0, 0),
(24, 3, 209, 3, 'Fri.2:30', '', 0, 0),
(25, 3, 301, 0, '', '', 0, 0),
(26, 3, 303, 0, '', '', 0, 0),
(27, 3, 320, 0, '', '', 0, 0),
(28, 3, 210, 4, 'Sat.10:20', '', 0, 0),
(29, 5, 210, 4, 'Sat.10:20', '', 0, 0),
(30, 5, 209, 3, 'Fri.2:30', '', 0, 0),
(31, 5, 207, 6, '', '', 0, 0),
(32, 7, 202, 0, 'Fri.11:00', '', 0, 0),
(33, 7, 210, 2, 'Sat.10:30', '', 0, 0),
(34, 7, 301, 0, '', '', 0, 0),
(35, 7, 309, 2, '', '', 0, 0),
(36, 7, 320, 0, '', '', 0, 0),
(37, 7, 323, 0, '', '', 0, 0),
(458, 13, 605, 1, 'Fri.1:20', '', 0, 0),
(39, 13, 321, 0, '', '', 0, 0),
(459, 11, 210, 2, 'Sat.10:30', '', 0, 0),
(41, 13, 210, 2, 'Sat.10:30', '', 0, 0),
(94, 19, 302, 0, '', '', 0, 0),
(93, 19, 301, 1, '', '', 0, 0),
(92, 19, 204, 0, 'Fri.4:00', '', 0, 0),
(91, 19, 203, 0, 'Fri.12:30', '', 0, 0),
(90, 19, 202, 2, 'Fri.11:00', '', 0, 0),
(52, 10, 204, 0, 'Fri.4:00', '', 0, 0),
(53, 10, 209, 2, 'Fri.2:30', '', 0, 0),
(54, 10, 316, 2, '', '', 0, 0),
(55, 10, 323, 0, '', '', 0, 0),
(56, 10, 411, 4, 'Sat.11:00', '', 0, 0),
(456, 98, 311, 4, '', '', 0, 0),
(61, 11, 204, 0, 'Fri.4:00', '', 0, 0),
(62, 11, 209, 2, 'Fri.2:30', '', 0, 0),
(63, 11, 301, 0, '', '', 0, 0),
(64, 11, 315, 0, '', '', 0, 0),
(65, 12, 206, 2, '', '', 0, 0),
(66, 12, 207, 3, '', '', 0, 0),
(67, 12, 209, 2, 'Fri.2:30', '', 0, 0),
(68, 12, 305, 1, '', '', 0, 0),
(69, 12, 318, 1, '', '', 0, 0),
(70, 12, 320, 1, '', '', 0, 0),
(71, 12, 334, 1, '', '', 0, 0),
(72, 18, 320, 0, '', '', 0, 0),
(74, 18, 402, 0, 'Fri.11:00', '', 0, 0),
(75, 18, 311, 5, '', '', 0, 0),
(76, 18, 315, 5, '', '', 0, 0),
(77, 13, 209, 2, 'Fri.2:30', '', 0, 0),
(499, 131, 608, 1, '0', '', 0, 0),
(85, 11, 323, 0, '', '', 0, 0),
(86, 11, 410, 4, 'Sat.11:30', '', 0, 0),
(87, 11, 413, 0, 'Sat.9:30', '', 0, 0),
(95, 22, 302, 5, '', '', 0, 0),
(96, 22, 306, 5, '', '', 0, 0),
(98, 23, 204, 0, 'Fri.4:00', '', 0, 0),
(99, 23, 307, 4, '', '', 0, 0),
(100, 23, 320, 0, '', '', 0, 0),
(101, 24, 306, 4, '', '', 0, 0),
(102, 24, 307, 5, '', '', 0, 0),
(103, 24, 410, 3, 'Sat.11:30', '', 0, 0),
(104, 25, 203, 0, 'Fri.12:30', '', 0, 0),
(105, 25, 309, 6, '', '', 0, 0),
(469, 28, 321, 0, '', '', 0, 0),
(107, 25, 404, 3, 'Sat.9:00', '', 0, 0),
(468, 25, 301, 0, '', '', 0, 0),
(109, 26, 207, 4, '', '', 0, 0),
(110, 26, 303, 5, '', '', 0, 0),
(111, 26, 502, 6, 'Fri.1:00', '', 0, 0),
(473, 39, 411, 1, 'Sat.11:00', '', 0, 0),
(472, 29, 404, 1, 'Sat.9:00', '', 0, 0),
(114, 27, 318, 4, '', '', 0, 0),
(115, 27, 320, 0, '', '', 0, 0),
(467, 25, 315, 4, '', '', 0, 0),
(117, 27, 323, 0, '', '', 0, 0),
(118, 28, 302, 2, '', '', 0, 0),
(470, 29, 301, 3, '', '', 0, 0),
(120, 28, 335, 1, '', '', 0, 0),
(121, 29, 202, 3, 'Fri.11:00', '', 0, 0),
(122, 29, 401, 5, 'Sat.11:00', '', 0, 0),
(504, 72, 323, 0, '', '', 0, 0),
(127, 31, 307, 2, '', '', 0, 0),
(128, 31, 320, 0, '', '', 0, 0),
(129, 31, 323, 4, '', '', 0, 0),
(130, 32, 207, 2, '', '', 0, 0),
(131, 32, 321, 0, '', '', 0, 0),
(132, 32, 323, 0, '', '', 0, 0),
(133, 39, 202, 0, 'Fri.11:00', '', 0, 0),
(134, 39, 320, 6, '', '', 0, 0),
(135, 39, 410, 2, 'Sat.11:30', '', 0, 0),
(136, 39, 502, 0, 'Fri.2:20', '', 0, 0),
(137, 39, 610, 1, 'Fri.3:10', 'B', 0, 0),
(138, 40, 303, 2, '', '', 0, 0),
(139, 40, 315, 3, '', '', 0, 0),
(140, 40, 318, 0, '', '', 0, 0),
(141, 40, 320, 0, '', '', 0, 0),
(142, 40, 404, 0, 'Sat.9:00', '', 0, 0),
(143, 41, 204, 6, 'Fri.4:00', '', 0, 0),
(144, 41, 304, 1, '', '', 0, 0),
(145, 41, 323, 0, '', '', 0, 0),
(146, 41, 410, 1, 'Sat.11:30', '', 0, 0),
(474, 41, 510, 5, 'Sat.8:30', '', 0, 0),
(148, 41, 610, 1, 'Fri.3:10', 'B', 0, 0),
(149, 42, 311, 1, '', '', 0, 0),
(150, 42, 318, 2, '', '', 0, 0),
(151, 42, 402, 0, 'Fri.11:00', '', 0, 0),
(152, 42, 404, 2, 'Sat.9:00', '', 0, 0),
(153, 42, 604, 4, 'Fri.12:40', '', 0, 0),
(154, 43, 202, 0, 'Fri.11:00', '', 0, 0),
(155, 43, 315, 2, '', '', 0, 0),
(156, 43, 401, 0, 'Sat.11:00', '', 0, 0),
(157, 44, 201, 5, 'Sat.9:00', '', 0, 0),
(158, 44, 303, 1, '', '', 0, 0),
(159, 44, 318, 0, '', '', 0, 0),
(160, 44, 323, 0, '', '', 0, 0),
(161, 44, 334, 2, '', '', 0, 0),
(162, 45, 207, 5, '', '', 0, 0),
(163, 45, 309, 0, '', '', 0, 0),
(164, 45, 310, 3, '', '', 0, 0),
(165, 45, 334, 3, '', '', 0, 0),
(166, 45, 410, 0, 'Sat.11:30', '', 0, 0),
(167, 45, 610, 3, 'Fri.3:20', 'A', 0, 0),
(168, 46, 202, 4, 'Fri.11:00', '', 0, 0),
(169, 46, 321, 1, '', '', 0, 0),
(170, 46, 401, 0, 'Sat.11:00', '', 0, 0),
(171, 46, 402, 0, 'Fri.11:00', '', 0, 0),
(172, 46, 404, 0, 'Sat.9:00', '', 0, 0),
(174, 47, 317, 2, '', '', 0, 0),
(175, 47, 322, 2, '', '', 0, 0),
(176, 47, 323, 0, '', '', 0, 0),
(177, 47, 413, 1, 'Sat.9:30', '', 0, 0),
(178, 47, 607, 3, 'Fri.2:00', '', 0, 0),
(179, 48, 203, 0, 'Fri.12:30', '', 0, 0),
(180, 48, 412, 6, 'Fri.11:00', '', 0, 0),
(181, 48, 413, 0, 'Sat.9:30', '', 0, 0),
(182, 49, 302, 1, '', '', 0, 0),
(183, 49, 320, 0, '', '', 0, 0),
(184, 49, 322, 3, '', '', 0, 0),
(185, 49, 331, 1, '', '', 0, 0),
(186, 49, 610, 3, 'Fri.3:20', 'A', 0, 0),
(187, 50, 309, 0, '', '', 0, 0),
(188, 50, 323, 2, '', '', 0, 0),
(189, 50, 604, 2, 'Fri.12:50', '', 0, 0),
(190, 51, 202, 0, 'Fri.11:00', '', 0, 0),
(476, 51, 315, 1, '', '', 0, 0),
(192, 51, 602, 1, 'Fri.12:30', '', 0, 0),
(193, 52, 309, 1, '', '', 0, 0),
(194, 52, 412, 4, 'Fri.11:00', '', 0, 0),
(195, 52, 607, 2, 'Fri.2:10', '', 0, 0),
(196, 53, 201, 1, 'Sat.9:00', '', 0, 0),
(197, 53, 203, 0, 'Fri.12:30', '', 0, 0),
(198, 53, 311, 2, '', '', 0, 0),
(199, 53, 402, 5, 'Fri.11:00', '', 0, 0),
(200, 53, 501, 1, 'Fri.12:30', '', 0, 0),
(201, 53, 606, 1, 'Fri.1:50', '', 0, 0),
(202, 67, 305, 0, '', '', 0, 0),
(203, 67, 306, 1, '', '', 0, 0),
(204, 67, 307, 3, '', '', 0, 0),
(205, 67, 502, 5, 'Fri.2:50', '', 0, 0),
(206, 67, 503, 3, 'Fri.3:10', '', 0, 0),
(207, 67, 506, 4, 'Fri.7pm', '', 0, 0),
(208, 68, 201, 4, 'Sat.9:00', '', 0, 0),
(209, 68, 202, 0, 'Fri.11:00', '', 0, 0),
(461, 68, 320, 4, '', '', 0, 0),
(211, 68, 323, 0, '', '', 0, 0),
(212, 68, 403, 0, 'Sat.11:30', '', 0, 0),
(213, 68, 506, 4, 'Fri.7pm', '', 0, 0),
(214, 69, 204, 2, 'Fri.4:00', '', 0, 0),
(215, 69, 305, 0, '', '', 0, 0),
(216, 69, 307, 1, '', '', 0, 0),
(217, 69, 320, 0, '', '', 0, 0),
(218, 69, 506, 4, 'Fri.7pm', '', 0, 0),
(219, 69, 511, 6, 'Sat.9:20', '', 0, 0),
(220, 70, 203, 0, 'Fri.12:30', '', 0, 0),
(221, 70, 301, 4, '', '', 0, 0),
(222, 70, 401, 0, 'Sat.11:00', '', 0, 0),
(224, 70, 503, 3, 'Fri.3:10', '', 0, 0),
(225, 70, 506, 4, 'Fri.7pm', '', 0, 0),
(226, 71, 311, 3, '', '', 0, 0),
(227, 71, 401, 0, 'Sat.11:00', '', 0, 0),
(229, 71, 501, 3, 'Fri.12:40', '', 0, 0),
(230, 71, 506, 4, 'Fri.7pm', '', 0, 0),
(231, 72, 305, 2, '', '', 0, 0),
(238, 73, 305, 3, '', '', 0, 0),
(501, 72, 201, 0, '', '', 0, 0),
(234, 72, 410, 0, 'Sat.11:30', '', 0, 0),
(235, 72, 506, 3, 'Fri.7pm', '', 0, 0),
(239, 73, 321, 2, '', '', 0, 0),
(240, 73, 410, 5, 'Sat.11:30', '', 0, 0),
(241, 73, 506, 3, 'Fri.7pm', '', 0, 0),
(244, 74, 320, 5, '', '', 0, 0),
(245, 74, 402, 0, 'Fri.11:00', '', 0, 0),
(246, 74, 404, 0, 'Sat.9:00', '', 0, 0),
(493, 74, 506, 3, 'Fri.7pm', '', 0, 0),
(257, 80, 323, 0, '', '', 0, 0),
(258, 80, 506, 3, 'Fri.7pm', '', 0, 0),
(261, 83, 203, 1, 'Fri.12:30', '', 0, 0),
(264, 83, 511, 0, 'Sat.9:30', '', 0, 0),
(265, 83, 609, 1, 'Fri:2:30', '', 0, 0),
(266, 84, 203, 6, 'Fri.12:30', '', 0, 0),
(268, 84, 208, 1, '', '', 0, 0),
(269, 84, 404, 0, 'Sat.9:00', '', 0, 0),
(270, 85, 204, 1, 'Fri.4:00', '', 0, 0),
(271, 85, 207, 1, '', '', 0, 0),
(272, 85, 411, 2, 'Sat.11:00', '', 0, 0),
(273, 85, 412, 1, 'Fri.11:00', '', 0, 0),
(274, 85, 511, 2, 'Sat.9:40', '', 0, 0),
(275, 85, 609, 1, 'Fri:2:30', '', 0, 0),
(276, 86, 202, 5, 'Fri.11:00', '', 0, 0),
(277, 86, 321, 3, '', '', 0, 0),
(278, 86, 401, 0, 'Sat.11:00', '', 0, 0),
(279, 86, 402, 0, 'Fri.11:00', '', 0, 0),
(280, 86, 609, 1, 'Fri:2:30', '', 0, 0),
(281, 87, 301, 2, '', '', 0, 0),
(282, 87, 320, 2, '', '', 0, 0),
(283, 87, 402, 4, 'Fri.11:00', '', 0, 0),
(284, 87, 403, 3, 'Sat.11:30', '', 0, 0),
(285, 87, 608, 2, 'Fri.5:00', '', 0, 0),
(286, 87, 609, 1, 'Fri:2:30', '', 0, 0),
(287, 88, 301, 0, '', '', 0, 0),
(288, 88, 302, 3, '', '', 0, 0),
(289, 88, 403, 1, 'Sat.11:30', '', 0, 0),
(290, 88, 609, 1, 'Fri:2:30', '', 0, 0),
(291, 89, 209, 4, 'Fri.2:00', '', 0, 0),
(292, 89, 210, 5, 'Sat.10:40', '', 0, 0),
(293, 89, 303, 4, '', '', 0, 0),
(294, 89, 321, 5, '', '', 0, 0),
(295, 89, 502, 3, 'Fri.2:10', '', 0, 0),
(296, 89, 503, 2, 'Fri.3:20', 'B', 0, 0),
(297, 89, 506, 2, 'Fri.7pm', '', 0, 0),
(298, 89, 512, 2, 'Sat.11:00', 'B', 0, 0),
(299, 90, 209, 4, 'Fri.2:00', '', 0, 0),
(300, 90, 210, 5, 'Sat.10:40', '', 0, 0),
(301, 90, 305, 6, '', '', 0, 0),
(302, 90, 306, 3, '', '', 0, 0),
(303, 90, 323, 5, '', '', 0, 0),
(304, 90, 503, 2, 'Fri.3:20', 'B', 0, 0),
(305, 90, 506, 2, 'Fri.7pm', '', 0, 0),
(306, 90, 512, 2, 'Sat.11:00', 'B', 0, 0),
(307, 91, 209, 4, 'Fri.2:00', '', 0, 0),
(308, 91, 321, 6, '', '', 0, 0),
(309, 91, 502, 2, 'Fri.1:40', '', 0, 0),
(310, 91, 503, 1, 'Fri.3:30', 'A', 0, 0),
(311, 91, 505, 1, 'Fri.3:50', '', 0, 0),
(312, 91, 506, 2, 'Fri.7pm', '', 0, 0),
(313, 91, 512, 3, 'Sat.10:50', 'C', 0, 0),
(314, 91, 515, 1, 'Sat.11:20', '', 0, 0),
(315, 92, 209, 4, 'Fri.2:00', '', 0, 0),
(316, 92, 210, 5, 'Sat.10:40', '', 0, 0),
(317, 92, 320, 0, '', '', 0, 0),
(318, 92, 412, 3, 'Fri.11:00', '', 0, 0),
(319, 92, 502, 1, 'Fri.2:30', '', 0, 0),
(320, 92, 505, 1, 'Fri.3:50', '', 0, 0),
(321, 92, 506, 2, 'Fri.7pm', '', 0, 0),
(322, 92, 515, 1, 'Sat.11:20', '', 0, 0),
(323, 93, 302, 0, '', '', 0, 0),
(325, 93, 402, 0, 'Fri.11:00', '', 0, 0),
(326, 93, 506, 2, 'Fri.7pm', '', 0, 0),
(327, 93, 510, 2, 'Sat.8:40', '', 0, 0),
(328, 93, 511, 4, 'Sat.9:50', '', 0, 0),
(329, 93, 515, 1, 'Sat.11:20', '', 0, 0),
(330, 94, 320, 0, '', '', 0, 0),
(331, 94, 410, 6, 'Sat.11:30', '', 0, 0),
(372, 94, 510, 3, 'Sat.8:50', '', 0, 0),
(333, 94, 506, 2, 'Fri.7pm', '', 0, 0),
(334, 94, 512, 1, 'Sat.10:40', 'A', 0, 0),
(335, 94, 515, 1, 'Sat.11:20', '', 0, 0),
(336, 95, 321, 0, '', '', 0, 0),
(337, 95, 410, 0, 'Sat.11:30', '', 0, 0),
(338, 95, 505, 1, 'Fri.3:50', '', 0, 0),
(339, 95, 506, 2, 'Fri.7pm', '', 0, 0),
(340, 95, 510, 1, 'Sat.9:00', '', 0, 0),
(341, 95, 511, 0, 'Sat.10:00', '', 0, 0),
(342, 95, 512, 3, 'Sat.10:50', 'C', 0, 0),
(343, 96, 402, 6, 'Fri.11:15', '', 0, 0),
(344, 96, 403, 4, 'Sat.11:30', '', 0, 0),
(345, 96, 506, 2, 'Fri.7pm', '', 0, 0),
(374, 96, 203, 0, 'Fri.12:30', '', 0, 0),
(348, 13, 502, 4, 'Fri.2:00', '', 0, 0),
(349, 98, 203, 0, 'Fri.12:30', '', 0, 0),
(350, 98, 204, 0, 'Fri.4:00', '', 0, 0),
(351, 98, 210, 2, 'Sat.10:30', '', 0, 0),
(352, 98, 309, 0, '', '', 0, 0),
(353, 98, 321, 0, '', '', 0, 0),
(354, 10, 502, 0, 'Fri.1:50', '', 0, 0),
(355, 99, 201, 2, 'Sat.9:00', '', 0, 0),
(356, 99, 203, 4, 'Fri.12:30', '', 0, 0),
(357, 99, 204, 3, 'Fri.4:00', '', 0, 0),
(358, 99, 305, 0, '', '', 0, 0),
(359, 99, 323, 0, '', '', 0, 0),
(360, 99, 605, 1, 'Fri.1:30', '', 0, 0),
(361, 101, 202, 1, 'Fri.11:00', '', 0, 0),
(362, 101, 203, 3, 'Fri.12:30', '', 0, 0),
(363, 101, 309, 5, '', '', 0, 0),
(364, 101, 401, 3, 'Sat.11:00', '', 0, 0),
(366, 101, 604, 3, 'Fri.1:00', '', 0, 0),
(368, 5, 301, 0, '', '', 0, 0),
(369, 5, 205, 3, '', '', 0, 0),
(370, 5, 502, 0, 'Fri.1:10', '', 0, 0),
(371, 5, 303, 6, '', '', 0, 0),
(377, 95, 515, 1, 'Sat.11:20', '', 0, 0),
(491, 156, 402, 1, 'Fri.11:15', '', 0, 0),
(492, 156, 511, 5, 'Sat.10:10', '', 0, 0),
(490, 156, 204, 4, 'Fri.4:00', '', 0, 0),
(457, 18, 202, 0, 'Fri.11:00', '', 0, 0),
(489, 156, 203, 2, 'Fri.12:30', '', 0, 0),
(378, 129, 201, 6, 'Sat.9:00', '', 0, 0),
(379, 129, 202, 0, 'Fri.11:00', '', 0, 0),
(380, 129, 301, 1, '', '', 0, 0),
(381, 129, 511, 1, 'Sat.10:20', '', 0, 0),
(382, 131, 203, 5, 'Fri.12:30', '', 0, 0),
(383, 131, 204, 5, 'Fri.4:00', '', 0, 0),
(384, 131, 309, 3, '', '', 0, 0),
(385, 131, 402, 3, 'Fri.11:15', '', 0, 0),
(386, 131, 209, 1, 'Fri.2:00', '', 0, 0),
(387, 131, 210, 1, 'Sat.10:00', 'A', 0, 0),
(388, 131, 501, 2, 'Fri.12:50', '', 0, 0),
(389, 131, 506, 1, 'Fri.7pm', '', 0, 0),
(390, 132, 302, 4, '', '', 0, 0),
(391, 132, 305, 5, '', '', 0, 0),
(392, 132, 321, 4, '', '', 0, 0),
(393, 132, 330, 1, '', '', 0, 0),
(394, 132, 412, 5, 'Fri.11:15', '', 0, 0),
(395, 132, 506, 1, 'Fri.7pm', '', 0, 0),
(396, 132, 210, 1, 'Sat.10:00', 'A', 0, 0),
(397, 132, 605, 1, 'Fri.1:40', '', 0, 0),
(398, 94, 505, 1, 'Fri.3:50', '', 0, 0),
(399, 133, 301, 0, '', '', 0, 0),
(400, 133, 401, 1, 'Sat.11:00', '', 0, 0),
(401, 133, 402, 2, 'Fri.11:15', '', 0, 0),
(402, 133, 506, 1, 'Fri.7pm', '', 0, 0),
(403, 133, 609, 2, 'Fri.2:45', '', 0, 0),
(404, 133, 209, 1, 'Fri.2:00', '', 0, 0),
(405, 133, 210, 3, 'Sat.10:00', 'B', 0, 0),
(406, 134, 411, 3, 'Sat.11:00', '', 0, 0),
(407, 134, 412, 2, 'Fri.11:15', '', 0, 0),
(408, 134, 502, 0, 'Fri.1:20', '', 0, 0),
(409, 134, 503, 4, 'Fri.3:40', '', 0, 0),
(410, 134, 506, 1, 'Fri.7pm', '', 0, 0),
(411, 134, 609, 2, 'Fri.2:45', '', 0, 0),
(412, 134, 209, 1, 'Fri.2:00', '', 0, 0),
(413, 134, 210, 1, 'Sat.10:00', 'A', 0, 0),
(414, 135, 202, 0, 'Fri.11:00', '', 0, 0),
(415, 135, 309, 4, '', '', 0, 0),
(416, 135, 310, 1, '', '', 0, 0),
(417, 135, 401, 4, 'Sat.11:00', '', 0, 0),
(418, 135, 604, 1, 'Fri.1:10', '', 0, 0),
(419, 136, 204, 0, 'Fri.4:00', '', 0, 0),
(420, 136, 305, 4, '', '', 0, 0),
(421, 136, 502, 0, 'Fri.1:30', '', 0, 0),
(422, 136, 503, 4, 'Fri.3:40', '', 0, 0),
(423, 136, 506, 1, 'Fri.7pm', '', 0, 0),
(424, 136, 609, 2, 'Fri.2:45', '', 0, 0),
(425, 136, 209, 1, 'Fri.2:00', '', 0, 0),
(426, 136, 210, 1, 'Sat.10:10', 'A', 0, 0),
(427, 137, 210, 3, 'Sat.10:10', 'B', 0, 0),
(428, 137, 301, 5, '', '', 0, 0),
(429, 137, 413, 0, 'Sat.9:30', '', 0, 0),
(430, 137, 506, 1, 'Fri.7pm', '', 0, 0),
(431, 137, 607, 1, 'Fri.2:20', '', 0, 0),
(432, 137, 609, 2, 'Fri.2:45', '', 0, 0),
(433, 138, 205, 1, '', '', 0, 0),
(434, 138, 320, 0, '', '', 0, 0),
(435, 138, 323, 0, '', '', 0, 0),
(436, 138, 506, 1, 'Fri.7pm', '', 0, 0),
(437, 138, 609, 2, 'Fri.2:45', '', 0, 0),
(439, 138, 210, 3, 'Sat.10:10', 'B', 0, 0),
(440, 139, 203, 0, 'Fri.12:30', '', 0, 0),
(441, 139, 320, 0, '', '', 0, 0),
(442, 139, 323, 0, '', '', 0, 0),
(494, 139, 506, 1, 'Fri.7pm', '', 0, 0),
(483, 157, 204, 0, 'Fri.4:00', '', 0, 0),
(445, 139, 210, 3, 'Sat.10:10', 'B', 0, 0),
(446, 140, 204, 0, 'Fri.4:00', '', 0, 0),
(447, 140, 401, 6, 'Sat.11:00', '', 0, 0),
(495, 140, 506, 1, 'Fri.7pm', '', 0, 0),
(449, 140, 403, 2, 'Sat.11:30', '', 0, 0),
(450, 140, 210, 3, 'Sat.10:10', 'B', 0, 0),
(451, 141, 202, 6, 'Fri.11:00', '', 0, 0),
(452, 141, 302, 0, '', '', 0, 0),
(453, 141, 309, 0, '', '', 0, 0),
(454, 141, 318, 0, '', '', 0, 0),
(455, 141, 320, 0, '', '', 0, 0),
(488, 156, 202, 0, 'Fri.11:00', '', 0, 0),
(487, 156, 201, 3, 'Sat.9:00', '', 0, 0),
(486, 157, 510, 4, 'Sat.9:10', '', 0, 0),
(485, 157, 511, 3, 'Sat.10:30', '', 0, 0),
(482, 50, 316, 1, '', '', 0, 0),
(481, 50, 318, 5, '', '', 0, 0),
(480, 50, 320, 0, '', '', 0, 0),
(479, 51, 318, 3, '', '', 0, 0),
(478, 51, 316, 3, '', '', 0, 0),
(477, 51, 323, 1, '', '', 0, 0),
(475, 93, 512, 1, 'Sat.10:40', 'A', 0, 0),
(466, 22, 303, 3, '', '', 0, 0),
(465, 129, 323, 3, '', '', 0, 0),
(464, 129, 318, 0, '', '', 0, 0),
(463, 68, 321, 0, '', '', 0, 0),
(505, 68, 318, 6, '', '', 0, 0),
(498, 69, 306, 2, '', '', 0, 0),
(496, 71, 403, 0, 'Sat.11:30', '', 0, 0),
(506, 92, 503, 1, '', '', 0, 0),
(507, 70, 501, 4, '', '', 0, 0),
(508, 72, 320, 3, '', '', 0, 0),
(509, 68, 322, 1, '', '', 0, 0),
(511, 68, 317, 1, '', '', 0, 0),
(512, 179, 401, 0, '', '', 0, 0),
(513, 179, 403, 5, '', '', 0, 0);

-- --------------------------------------------------------

--
-- Table structure for table `convention_student`
--

CREATE TABLE IF NOT EXISTS `convention_student` (
  `id` int(11) NOT NULL auto_increment,
  `schoolid` int(11) NOT NULL default '0',
  `first` varchar(20) NOT NULL default '',
  `last` varchar(20) NOT NULL default '',
  `age` tinyint(4) NOT NULL default '0',
  `sex` char(3) NOT NULL default '',
  `meals` tinyint(1) NOT NULL default '0',
  `type` varchar(10) NOT NULL default '',
  PRIMARY KEY  (`id`)
) ENGINE=MyISAM DEFAULT CHARSET=latin1 AUTO_INCREMENT=180 ;

--
-- Dumping data for table `convention_student`
--

INSERT INTO `convention_student` (`id`, `schoolid`, `first`, `last`, `age`, `sex`, `meals`, `type`) VALUES
(1, 1, 'David', 'Jones', 13, 'M', 0, 'Student'),
(2, 1, 'Dain', 'Grandmason', 13, 'M', 0, 'Student'),
(3, 1, 'James', 'Jones', 0, 'M', 0, 'Student'),
(4, 1, 'Mrs. Kim', 'Jones', 0, 'F', 0, 'Sponsor'),
(5, 1, 'Megan', 'Bretbrunner', 0, 'F', 0, 'Student'),
(117, 1, 'Mr. Ralph', 'Conner', 0, 'M', 0, 'Sponsor'),
(7, 2, 'Trenton', 'McCormick', 0, 'M', 0, 'Student'),
(19, 5, 'Joshua', 'Bonfil', 14, 'M', 0, 'Student'),
(10, 2, 'Kaitlyn', 'Coblentz', 0, 'F', 0, 'Student'),
(11, 2, 'Aubrey', 'McCormick', 0, 'F', 0, 'Student'),
(12, 2, 'Janane', 'Doutrich', 0, 'F', 0, 'Student'),
(13, 2, 'Jenny', 'Smucker', 0, 'F', 0, 'Student'),
(104, 2, 'Mrs. Trish', 'McCormick', 0, 'F', 3, 'Guest'),
(103, 2, 'Mrs. Rachel', 'Doutrich', 0, 'F', 0, 'Sponsor'),
(102, 2, 'Mrs. Sharon', 'Coblentz', 0, 'F', 3, 'Guest'),
(162, 7, 'Mrs. Stephanie', 'Zook', 0, 'F', 0, 'Guest'),
(18, 2, 'Cameron', 'McCormick', 0, 'M', 0, 'Student'),
(20, 5, 'Mrs. Jeannie', 'Justice', 0, 'F', 0, 'Sponsor'),
(21, 5, 'Mr. Scott', 'Winters', 0, 'M', 0, 'Sponsor'),
(22, 5, 'Samantha', 'Beall', 13, 'F', 0, 'Student'),
(23, 5, 'Brittany', 'Coleman', 13, 'F', 0, 'Student'),
(24, 5, 'Domi-ann', 'Knight', 14, 'F', 0, 'Student'),
(25, 5, 'Michael', 'Lantz', 11, 'M', 0, 'Student'),
(26, 5, 'Chloie', 'Lash', 11, 'F', 0, 'Student'),
(27, 5, 'Sheldon', 'Leigh', 14, 'M', 0, 'Student'),
(28, 5, 'Bailey', 'Nearing', 12, 'F', 0, 'Student'),
(29, 5, 'Josh', 'Nisbet', 11, 'M', 0, 'Student'),
(179, 5, 'Zachary', 'Palmer', 13, 'M', 0, 'Student'),
(31, 5, 'Kyrissa', 'Trickle', 14, 'F', 0, 'Student'),
(32, 5, 'Rachel', 'Warneking', 14, 'F', 0, 'Student'),
(33, 6, 'Pastor Joshua', 'Hill', 0, 'M', 0, 'Sponsor'),
(34, 6, 'Mrs. Michelle', 'Hale', 0, 'F', 3, 'Sponsor'),
(35, 6, 'Pastor Jack', 'Rolston', 0, 'M', 3, 'Guest'),
(36, 6, 'Mrs. Amanda', 'Hill', 0, 'F', 3, 'Guest'),
(37, 6, 'Christian', 'Wichmann', 0, '', 3, 'Guest'),
(38, 6, 'Ms. Alexandra', 'Byrd', 0, 'F', 3, 'Guest'),
(39, 6, 'Sage', 'Bagwell', 13, 'F', 0, 'Student'),
(40, 6, 'Scotty', 'Billingsley', 12, 'M', 0, 'Student'),
(41, 6, 'Hallie', 'Blake', 13, 'F', 0, 'Student'),
(42, 6, 'Ty', 'Chase', 13, 'M', 0, 'Student'),
(43, 6, 'Blake', 'Chitwood', 11, 'M', 0, 'Student'),
(44, 6, 'Maggie', 'Crowder', 13, 'F', 0, 'Student'),
(45, 6, 'Isabelle', 'Hale', 10, 'F', 0, 'Student'),
(46, 6, 'Luke', 'Hill', 10, 'M', 0, 'Student'),
(47, 6, 'Hannah', 'King', 12, 'F', 0, 'Student'),
(48, 6, 'Brittiny', 'Thomas', 12, 'F', 0, 'Student'),
(49, 6, 'Rylie', 'McLain', 10, 'F', 0, 'Student'),
(50, 7, 'Joseph', 'Lehman', 12, 'M', 0, 'Student'),
(51, 7, 'Michael', 'Lehman', 11, 'M', 0, 'Student'),
(52, 7, 'Sadie', 'Lehman', 10, 'F', 0, 'Student'),
(53, 7, 'Kaleb', 'Zook', 0, 'M', 0, 'Student'),
(54, 7, 'Mrs. Anita', 'Gingerich', 0, 'F', 0, 'Sponsor'),
(55, 7, 'Mr. Randy', 'Zook', 0, 'M', 0, 'Sponsor'),
(56, 7, 'Mr. Quinton', 'Nice', 0, 'M', 0, 'Guest'),
(106, 3, 'Mrs. Jane', 'Cruz', 0, 'F', 0, 'Guest'),
(58, 3, 'Mrs. Karren', 'Domingo', 0, 'F', 0, 'Sponsor'),
(59, 3, 'Rev. Greg', 'Domingo', 0, 'M', 0, 'Sponsor'),
(60, 3, 'Ms. Vivien', 'Mok', 0, 'F', 0, 'Guest'),
(61, 3, 'Ms. Herut', 'Kidane', 0, '', 0, 'Guest'),
(62, 3, 'Mrs. Gina', 'Ordonez', 0, 'F', 0, 'Guest'),
(63, 3, 'Mrs. Joiada', 'Portes', 0, '', 0, 'Guest'),
(64, 3, 'Mrs. Jane', 'Casel', 0, 'F', 0, 'Guest'),
(65, 3, 'Mr. Alexander', 'Saluquen', 0, 'M', 0, 'Guest'),
(66, 3, 'Mrs. Sheila', 'Saluquen', 0, 'F', 0, 'Guest'),
(67, 3, 'Delina', 'Abey', 9, 'F', 0, 'Student'),
(68, 3, 'Alexander', 'Mok', 10, 'M', 0, 'Student'),
(69, 3, 'Ira-J', 'Ordonez', 10, 'F', 0, 'Student'),
(70, 3, 'Jonel', 'Portes', 9, 'M', 0, 'Student'),
(71, 3, 'Alexis', 'Saluquen', 8, 'M', 0, 'Student'),
(72, 8, 'Dana', 'Dale', 9, 'F', 0, 'Student'),
(73, 8, 'Danica', 'Dale', 11, 'F', 0, 'Student'),
(74, 8, 'Cody', 'Guthrie', 9, 'M', 0, 'Student'),
(161, 15, 'Mr. Jerry', 'Denlocker', 0, 'M', 3, 'Guest'),
(76, 8, 'Mrs. Jan', 'Hensley', 0, 'F', 0, 'Sponsor'),
(77, 8, 'Pastor Lee', 'Wiegand', 0, 'M', 3, 'Guest'),
(78, 8, 'Mrs. Betty', 'Brindley', 0, 'F', 3, 'Guest'),
(79, 8, 'Debbie', 'Dale', 0, 'F', 3, 'Guest'),
(80, 8, 'Autumn', 'McNaught', 9, 'F', 0, 'Student'),
(81, 9, 'Mr. Antonio', 'Amador', 0, 'M', 0, 'Sponsor'),
(82, 9, 'Mrs. Rocio', 'Magana', 0, 'F', 0, 'Sponsor'),
(83, 9, 'Josue', 'Nava III', 9, 'M', 0, 'Student'),
(84, 9, 'Isaac', 'Magana', 0, 'M', 0, 'Student'),
(85, 9, 'Debrah Joy', 'Nava', 12, 'F', 0, 'Student'),
(86, 9, 'Jesse', 'Rodriguez', 11, 'M', 0, 'Student'),
(87, 9, 'Samuel', 'Amador', 12, 'M', 0, 'Student'),
(88, 9, 'Julian', 'Bautista', 12, 'M', 0, 'Student'),
(89, 10, 'Abby', 'Cluck', 0, 'F', 0, 'Student'),
(90, 10, 'Carin', 'Cluck', 0, 'F', 0, 'Student'),
(91, 10, 'Eyael', 'Getachew', 0, 'F', 0, 'Student'),
(92, 10, 'Feven', 'Yared', 0, 'F', 0, 'Student'),
(93, 10, 'Isayas', 'Bikila', 0, 'M', 0, 'Student'),
(94, 10, 'Hana', 'Bezabeh', 0, 'F', 0, 'Student'),
(95, 10, 'Sarah', 'Solomon', 0, 'F', 0, 'Student'),
(96, 10, 'John-Samuel', 'Ohannes', 0, 'M', 0, 'Student'),
(108, 8, 'Mr. Gary', 'Moon', 0, 'M', 0, 'Sponsor'),
(98, 2, 'Kendall', 'Coblentz', 0, 'M', 0, 'Student'),
(99, 11, 'Emily', 'Lanning', 0, 'F', 0, 'Student'),
(101, 11, 'Colt', 'Lanning', 0, 'M', 0, 'Student'),
(105, 2, 'Mrs. Dorcas', 'Smucker', 0, 'F', 0, 'Sponsor'),
(109, 8, 'Mr. Tom', 'Steward', 0, '', 3, 'Guest'),
(110, 9, 'Mr. Jose', 'Rodriguez', 0, 'M', 3, 'Guest'),
(111, 9, 'Mrs. Olivia', 'Nava', 0, 'F', 3, 'Guest'),
(112, 9, 'Miss. Rebeca', 'Amador', 0, 'F', 3, 'Guest'),
(113, 11, 'Mrs. Michelle', 'Lanning', 0, 'F', 0, 'Sponsor'),
(114, 11, 'Brandon', 'Lanning', 0, '', 0, 'Guest'),
(115, 11, 'Dakota', 'Lanning', 0, 'M', 0, 'Guest'),
(116, 11, 'Elizabeth', 'Lanning', 0, 'F', 0, 'Guest'),
(118, 1, 'Mr. Clifton', 'Johnson', 0, 'M', 3, 'Guest'),
(119, 1, 'Mrs. Sabrina', 'Johnson', 0, 'F', 3, 'Guest'),
(149, 1, 'Mrs. June', 'Rowley', 0, 'F', 1, 'Guest'),
(121, 1, 'Mrs. Terri', 'Ellis', 0, 'F', 3, 'Guest'),
(122, 1, 'Miss Amy', 'Ellis', 0, 'F', 3, 'Guest'),
(123, 1, 'Miss Sara', 'Johnson', 0, 'F', 3, 'Guest'),
(124, 1, 'Miss Chelsea', 'Johnson', 0, 'F', 3, 'Guest'),
(125, 1, 'Miss Rachelle', 'Jones', 0, 'F', 3, 'Guest'),
(126, 5, 'Mr. Craig', 'Warneking', 0, 'M', 3, 'Guest'),
(127, 13, 'Mr. Josh', 'Boggs', 0, 'M', 0, 'Sponsor'),
(128, 13, 'Mrs. Mandy', 'Boggs', 0, 'F', 0, 'Sponsor'),
(129, 13, 'Javon', 'Boggs', 8, 'M', 0, 'Student'),
(130, 13, 'Reagan', 'Boggs', 6, 'F', 3, 'Guest'),
(131, 14, 'Micah', 'Peters', 0, 'M', 0, 'Student'),
(132, 14, 'Karis', 'Peters', 0, 'F', 0, 'Student'),
(133, 14, 'Josiah', 'Syrotchen', 0, 'M', 0, 'Student'),
(134, 14, 'Elizabeth', 'Syrotchen', 0, 'F', 0, 'Student'),
(135, 14, 'Caiden', 'Coombs', 0, 'M', 0, 'Student'),
(136, 14, 'Calista', 'Coombs', 0, 'F', 0, 'Student'),
(137, 14, 'Taylor', 'Daughters', 0, 'F', 0, 'Student'),
(138, 14, 'Jamison', 'Royal', 0, 'M', 0, 'Student'),
(139, 14, 'Caleb', 'Brown', 0, 'M', 0, 'Student'),
(140, 14, 'Cameron', 'Jones', 0, 'M', 0, 'Student'),
(141, 14, 'Talon', 'Jones', 0, 'M', 0, 'Student'),
(142, 11, 'Mr. Troy', 'Lanning', 0, 'M', 0, 'Guest'),
(143, 10, 'Mrs. Lydia', 'Cluck', 0, 'F', 0, 'Sponsor'),
(144, 10, 'Mr. Dale', 'Cluck', 0, 'M', 0, 'Sponsor'),
(145, 10, 'Mrs. Judy', 'Cluck', 0, 'F', 0, 'Sponsor'),
(146, 10, 'Mr. Win', 'Weldon', 0, 'M', 0, 'Sponsor'),
(147, 10, 'Mr. Tim', 'Cluck', 0, 'M', 0, 'Guest'),
(148, 10, 'Mr. Bryan', 'Cluck', 0, 'M', 0, 'Guest'),
(150, 1, 'Mr. Marvin', 'Rowley', 0, 'M', 1, 'Guest'),
(151, 1, 'Mrs. Linda', 'Conner', 0, 'F', 0, 'Guest'),
(152, 14, 'Pastor Ken', 'Peters', 0, 'M', 0, 'Sponsor'),
(153, 14, 'Pastor Valencia', 'Peters', 0, 'F', 0, 'Sponsor'),
(154, 15, 'Rev. Lemuel', 'Onggao', 0, 'M', 0, 'Sponsor'),
(155, 15, 'Mrs. I', 'Onggao', 0, 'F', 0, 'Sponsor'),
(156, 15, 'Joshua', 'Miplar', 12, 'M', 0, 'Student'),
(157, 15, 'Sade', 'Denlocker', 8, 'F', 0, 'Student'),
(158, 15, 'Mr. Jorge', 'Velasquez', 0, '', 3, 'Guest'),
(159, 15, 'Miss A.', 'Arienza', 0, 'F', 3, 'Guest'),
(160, 15, 'Mr. N.', 'Lagutang', 0, 'M', 0, 'Guest'),
(163, 7, 'Mrs. Eileen', 'Lehman', 0, '', 0, 'Guest'),
(164, 14, 'Pastor Danielle', 'Coombs', 0, 'F', 3, 'Guest'),
(165, 14, 'Pastor Eric', 'Coombs', 0, 'M', 3, ''),
(166, 14, 'Pastor Ben', 'Peters', 0, 'M', 0, 'Guest'),
(167, 14, 'Pastor Brenda', 'Peters', 0, 'F', 0, 'Guest'),
(168, 14, 'Mrs. Dianne', 'Raver', 0, 'F', 3, 'Guest'),
(169, 14, 'Mrs. Brandy', 'Syrotchen', 0, 'F', 0, 'Guest'),
(170, 14, 'Pastor Justin', 'Brown', 0, 'M', 3, 'Guest'),
(171, 14, 'Mr. Trevor', 'Jones', 0, 'M', 3, 'Guest'),
(172, 14, 'Mrs. Claudette', 'Jones', 0, 'F', 3, 'Guest'),
(173, 14, 'Ariel', 'Syrotchen', 0, 'F', 3, 'Guest'),
(174, 14, 'Mrs. Misty', 'Daughters', 0, 'F', 3, 'Guest'),
(175, 14, 'Mr. Scott', 'Daughters', 0, 'M', 3, 'Guest'),
(176, 14, 'Mr. Don', 'Royal', 0, '', 3, 'Guest'),
(177, 14, 'Mrs. Shirlee', 'Royal', 0, 'F', 3, 'Guest'),
(178, 14, 'Olivia', 'Royal', 0, 'F', 3, 'Guest');

CREATE USER 'convention'@'localhost' IDENTIFIED BY 'Ch@ngeme!';
GRANT ALL PRIVILEGES ON conventions.* TO 'convention'@'localhost';
